{"cameraMode":{"drawMode":0,"name":"Shaded","section":"Shading Mode"},"sceneLighting":false,"audioPlay":false,"sceneViewState":{"showFog":true,"showMaterialUpdate":false,"showSkybox":false,"showFlares":true,"showImageEffects":true,"showParticleSystems":true},"in2DMode":false,"pivot":{"x":-2.4827446937561037,"y":-2.1105403900146486,"z":27.483013153076173},"rotation":{"x":0.08121416717767716,"y":-0.01196483988314867,"z":0.0009749872260726988,"w":0.9966243505477905},"size":43.4139289855957,"orthographic":false}